transaction_id,customer_id,order_date,revenue,product_category,shipping_status
TRX-0,138,2026-01-26,244.8989200489205,Home,Delivered
TRX-1,128,2026-01-02,247.00845680209437,Apparel,Shipped
TRX-2,114,2026-01-22,247.00845680209437,Apparel,Delayed
TRX-3,142,2025-12-22,247.00845680209437,Apparel,Delivered
TRX-4,107,2025-12-21,247.00845680209437,Apparel,Delivered
TRX-5,120,2025-12-06,247.00845680209437,Apparel,Shipped
TRX-6,138,2025-12-06,244.8989200489205,Home,Delivered
TRX-7,118,2026-01-24,280.7842512143784,Beauty,Delivered
TRX-8,122,2026-01-17,244.8989200489205,Home,Delivered
TRX-9,110,2025-12-04,244.8989200489205,Home,Delivered
TRX-10,110,2025-12-30,51.500549395526214,Home,Delayed
TRX-11,123,2025-12-11,414.32621475557164,Beauty,Delivered
TRX-12,135,2025-12-30,198.4800940345878,Electronics,Delivered
TRX-13,139,2025-12-31,413.01710881140497,Beauty,Delivered
TRX-14,123,2025-12-24,141.20419985042346,Home,Delivered
TRX-15,102,2026-01-24,20.49415032590403,Apparel,Delivered
TRX-16,121,2025-12-09,96.29037597284312,Apparel,Delivered
TRX-17,101,2026-01-24,244.8989200489205,Home,Delivered
TRX-18,123,2025-12-03,473.26574477975834,Apparel,Delivered
TRX-19,143,2026-01-20,69.0529374529851,Home,Shipped
TRX-20,129,2025-12-31,430.0206917415517,Apparel,Delivered
TRX-21,137,2026-01-09,272.9715661816938,Beauty,Delivered
TRX-22,101,2026-01-06,416.4419675839504,Electronics,Delivered
TRX-23,120,2026-01-05,163.21972687519644,Electronics,Delivered
TRX-24,132,2025-12-24,423.1746390427865,Beauty,Delivered
TRX-25,111,2025-12-31,390.95493440806615,Beauty,Delivered
TRX-26,121,2025-12-06,130.42576785508828,Home,Delayed
TRX-27,143,2025-12-02,83.04086067650147,Home,Delivered
TRX-28,124,2025-12-20,436.66607481550056,Home,Delivered
TRX-29,148,2025-12-28,482.3535936512633,Apparel,Shipped
TRX-30,126,2025-12-11,35.0251105988078,Home,Delivered
TRX-31,141,2025-12-04,371.0096321473691,Beauty,Delivered
TRX-32,127,2025-12-15,456.5717652549528,Electronics,Delivered
TRX-33,115,2025-12-06,431.53284420439934,Apparel,Delivered
TRX-34,114,2026-01-23,482.9698266897001,Home,Delayed
TRX-35,146,2026-01-18,384.84515765028664,Apparel,Shipped
TRX-36,143,2025-12-30,232.30340594283692,Apparel,Delayed
TRX-37,102,2026-01-25,169.73695543766263,Home,Delivered
TRX-38,136,2026-01-07,173.95651541030117,Apparel,Delivered
TRX-39,106,2026-01-20,367.7228828547761,Electronics,Delivered
TRX-40,120,2026-01-26,378.00176577486286,Beauty,Delivered
TRX-41,108,2025-12-02,116.17238890338207,Beauty,Delivered
TRX-42,138,2025-12-15,436.69895047545486,Electronics,Cancelled
TRX-43,117,2025-12-11,363.16353929707884,Apparel,Delivered
TRX-44,103,2025-12-08,290.1201374448237,Home,Delivered
TRX-45,124,2025-12-26,246.3355808492061,Apparel,Delivered
TRX-46,113,2026-01-20,280.7517467791799,Electronics,Delivered
TRX-47,149,2026-01-14,96.43795437404694,Apparel,Delivered
TRX-48,108,2026-01-13,117.77659965261162,Beauty,Shipped
TRX-49,125,2025-12-05,63.758955394972006,Apparel,Delivered
TRX-50,101,2025-12-06,93.75585831733409,Electronics,Shipped
TRX-51,119,2025-12-26,237.7729446105357,Beauty,Delivered
TRX-52,127,2026-01-23,274.5701089895629,Apparel,Delayed
TRX-53,146,2025-12-04,28.5737083895933,Apparel,Shipped
TRX-54,106,2025-12-19,402.4629573747332,Beauty,Delivered
TRX-55,143,2025-12-20,161.2006272048694,Home,Delivered
TRX-56,107,2026-01-02,457.6812967807573,Beauty,Cancelled
TRX-57,146,2025-12-20,484.4054065346133,Home,Delivered
TRX-58,134,2026-01-18,109.02025984479408,Electronics,Delayed
TRX-59,113,2025-12-12,241.80669956751711,Electronics,Delivered
TRX-60,116,2026-01-16,20.591280879884426,Beauty,Delivered
TRX-61,135,2025-12-01,307.19708725876495,Beauty,Shipped
TRX-62,149,2025-12-26,311.5070951660822,Electronics,Delayed
TRX-63,139,2025-12-14,138.81917868962006,Home,Delivered
TRX-64,103,2026-01-07,288.038082839935,Electronics,Shipped
TRX-65,101,2026-01-06,128.259268372993,Beauty,Delivered
TRX-66,105,2025-12-11,97.19622515753123,Electronics,Delivered
TRX-67,141,2026-01-05,332.72934406508705,Beauty,Delivered
TRX-68,103,2025-12-13,176.44422269699595,Beauty,Delivered
TRX-69,128,2026-01-12,303.3266906650988,Electronics,Delayed
TRX-70,117,2025-12-03,227.95843950639468,Home,Delivered
TRX-71,125,2026-01-02,492.4886755533939,Apparel,Delivered
TRX-72,143,2025-12-06,91.79870848043157,Electronics,Delivered
TRX-73,133,2026-01-19,243.0073263851889,Apparel,Delivered
TRX-74,109,2026-01-25,346.61918065247613,Electronics,Delivered
TRX-75,135,2025-12-10,209.86164026238495,Apparel,Shipped
TRX-76,113,2025-12-05,487.8559288979311,Home,Delivered
TRX-77,130,2025-12-23,366.5060614049288,Home,Delayed
TRX-78,147,2025-12-10,335.3522516309567,Electronics,Cancelled
TRX-79,114,2026-01-13,383.3884484533872,Beauty,Delivered
TRX-80,107,2025-12-02,477.2713462585842,Apparel,Delayed
TRX-81,113,2025-12-13,455.7529534326273,Beauty,Shipped
TRX-82,122,2026-01-09,367.6569479006777,Beauty,Delivered
TRX-83,139,2025-12-02,379.5975867686159,Beauty,Delivered
TRX-84,120,2025-12-20,90.04259553686981,Home,Delivered
TRX-85,115,2025-12-01,69.34035415647953,Electronics,Delivered
TRX-86,144,2026-01-06,294.03416088519884,Electronics,Delayed
TRX-87,117,2025-12-09,28.8164657314592,Home,Delivered
TRX-88,146,2025-12-17,251.53106314476395,Home,Delayed
TRX-89,123,2025-12-09,120.96779836105694,Electronics,Delivered
TRX-90,125,2025-12-11,186.087952469523,Beauty,Delivered
TRX-91,124,2025-12-15,392.3862731806189,Apparel,Cancelled
TRX-92,144,2025-12-24,471.7940020315455,Apparel,Delivered
TRX-93,140,2026-01-07,54.75981063024392,Apparel,Delivered
TRX-94,128,2026-01-24,276.43625886869364,Beauty,Delivered
TRX-95,114,2026-01-04,443.616073193408,Electronics,Delivered
TRX-96,144,2025-12-30,59.60409653140221,Home,Delivered
TRX-97,100,2025-12-31,415.76674251048024,Electronics,Delivered
TRX-98,124,2026-01-18,191.74464844557025,Beauty,Delivered
TRX-99,106,2025-12-05,174.60545706528097,Home,Cancelled
TRX-100,108,2026-01-29,489.18386543109716,Beauty,Delivered
TRX-101,123,2026-01-13,116.41236313390121,Apparel,Delivered
TRX-102,100,2026-01-19,352.73309159488684,Apparel,Delivered
TRX-103,143,2025-12-14,414.2915494447359,Beauty,Delayed
TRX-104,107,2026-01-22,39.76807773405041,Home,Delivered
TRX-105,123,2026-01-25,341.7850200101179,Home,Delivered
TRX-106,110,2025-12-11,476.74398769055693,Electronics,Delivered
TRX-107,116,2025-12-09,79.62558402946848,Apparel,Delivered
TRX-108,107,2026-01-03,450.1862252888184,Electronics,Shipped
TRX-109,134,2025-12-12,305.4927859409293,Electronics,Shipped
TRX-110,134,2026-01-04,315.97019929398755,Beauty,Delivered
TRX-111,132,2026-01-04,314.21320393549087,Beauty,Delivered
TRX-112,104,2025-12-01,163.44122544191063,Electronics,Delivered
TRX-113,141,2026-01-09,468.89687134374066,Apparel,Cancelled
TRX-114,138,2025-12-22,474.72822206289857,Beauty,Cancelled
TRX-115,140,2026-01-29,320.14623690269497,Electronics,Delivered
TRX-116,127,2025-12-29,396.04290845197505,Electronics,Delayed
TRX-117,106,2025-12-08,313.88383322295584,Electronics,Shipped
TRX-118,108,2025-12-11,252.5112548355395,Electronics,Delivered
TRX-119,107,2026-01-10,337.19365678364034,Electronics,Delivered
TRX-120,111,2026-01-06,285.44069724414004,Electronics,Delivered
TRX-121,133,2025-12-14,306.78841406332646,Beauty,Shipped
TRX-122,132,2026-01-29,396.23962564105375,Apparel,Cancelled
TRX-123,147,2025-12-30,250.83383909551273,Electronics,Shipped
TRX-124,122,2026-01-04,39.56197092438693,Home,Delayed
TRX-125,123,2025-12-21,98.71975087495868,Beauty,Delivered
TRX-126,136,2026-01-06,230.53146391497842,Beauty,Shipped
TRX-127,134,2025-12-05,367.916748739548,Electronics,Shipped
TRX-128,143,2025-12-19,304.7737511888858,Beauty,Delivered
TRX-129,139,2026-01-28,332.14120921925786,Electronics,Delivered
TRX-130,121,2025-12-14,250.0538857166179,Apparel,Shipped
TRX-131,126,2025-12-26,315.55617053227655,Apparel,Delivered
TRX-132,134,2025-12-04,177.92837015103785,Beauty,Shipped
TRX-133,100,2025-12-25,245.68764449439922,Beauty,Delivered
TRX-134,134,2026-01-14,377.2539514855787,Home,Delivered
TRX-135,136,2026-01-11,438.47973390709814,Beauty,Shipped
TRX-136,146,2025-12-25,228.15456029906667,Home,Delivered
TRX-137,113,2025-12-18,40.95759569953337,Apparel,Delivered
TRX-138,102,2026-01-09,97.60282119046528,Apparel,Delivered
TRX-139,100,2025-12-08,30.013346859938288,Electronics,Delayed
TRX-140,104,2026-01-08,333.5662492339184,Apparel,Delivered
TRX-141,125,2026-01-09,179.51102017045227,Home,Delayed
TRX-142,113,2025-12-14,280.3897451452964,Beauty,Delivered
TRX-143,138,2026-01-01,256.7728864562238,Electronics,Cancelled
TRX-144,126,2026-01-20,59.13271498516481,Home,Cancelled
TRX-145,108,2026-01-07,213.56545333943927,Beauty,Delivered
TRX-146,114,2026-01-02,125.86933996271517,Electronics,Delivered
TRX-147,114,2025-12-23,220.8318985604733,Apparel,Delivered
TRX-148,125,2025-12-15,117.71757456427649,Home,Delivered
TRX-149,141,2026-01-02,423.4171550129281,Beauty,Delivered
TRX-150,112,2025-12-25,103.61280155756175,Electronics,Delivered
TRX-151,131,2025-12-17,481.17466471374894,Electronics,Delivered
TRX-152,138,2026-01-02,219.63553575053157,Apparel,Delivered
TRX-153,148,2026-01-16,426.1977401691437,Beauty,Delivered
TRX-154,131,2026-01-24,321.8071127388537,Apparel,Delivered
TRX-155,103,2025-12-02,372.9681433595613,Apparel,Cancelled
TRX-156,129,2025-12-14,388.50746627205456,Beauty,Delivered
TRX-157,136,2026-01-22,262.32554330864855,Beauty,Delivered
TRX-158,122,2026-01-09,280.7842512143784,Beauty,Delivered
TRX-159,138,2026-01-09,266.71801654818796,Home,Shipped
TRX-160,144,2026-01-20,302.26802148323804,Beauty,Delayed
TRX-161,114,2026-01-08,34.109333963123504,Electronics,Delayed
TRX-162,142,2026-01-20,209.84728152752731,Apparel,Cancelled
TRX-163,128,2025-12-06,310.9705825093623,Home,Delivered
TRX-164,135,2025-12-06,306.9073113228149,Beauty,Shipped
TRX-165,112,2025-12-03,400.6189254107031,Home,Shipped
TRX-166,131,2025-12-07,334.4044826394121,Beauty,Delivered
TRX-167,106,2026-01-20,496.22399184352275,Home,Cancelled
TRX-168,121,2025-12-08,156.25017373214962,Apparel,Delivered
TRX-169,127,2026-01-11,192.39249423979112,Apparel,Delivered
TRX-170,101,2026-01-21,204.24663289654222,Electronics,Delivered
TRX-171,141,2025-12-15,243.5901473697193,Electronics,Delivered
TRX-172,144,2026-01-16,421.2790706149805,Beauty,Shipped
TRX-173,105,2025-12-29,133.18020510042072,Apparel,Delivered
TRX-174,127,2026-01-02,392.4800993770061,Home,Delivered
TRX-175,127,2026-01-21,214.54888788115684,Home,Delivered
TRX-176,143,2025-12-30,308.89058415776407,Home,Shipped
TRX-177,143,2026-01-08,323.6194559486269,Electronics,Delivered
TRX-178,119,2025-12-27,198.96734585068853,Home,Delivered
TRX-179,129,2026-01-05,266.05529849878644,Electronics,Delayed
TRX-180,110,2025-12-29,218.25496383089455,Electronics,Shipped
TRX-181,127,2026-01-07,53.18373736957733,Beauty,Delivered
TRX-182,124,2026-01-26,229.83938663207675,Home,Shipped
TRX-183,138,2026-01-02,66.74882842570504,Home,Shipped
TRX-184,132,2026-01-06,214.40998355855433,Apparel,Delayed
TRX-185,100,2025-12-27,304.6008319192553,Beauty,Delivered
TRX-186,126,2026-01-24,298.11915168488036,Apparel,Delivered
TRX-187,112,2026-01-02,338.0582139239938,Beauty,Delivered
TRX-188,140,2025-12-04,65.72552381822062,Home,Delivered
TRX-189,102,2025-12-22,333.01915785461017,Electronics,Delivered
TRX-190,138,2025-12-02,169.8310672142946,Electronics,Delivered
TRX-191,105,2025-12-10,211.54205414581332,Electronics,Delivered
TRX-192,107,2025-12-05,431.8334018828988,Electronics,Delivered
TRX-193,126,2026-01-28,24.33459398218412,Electronics,Delivered
TRX-194,108,2025-12-10,302.43806400349064,Apparel,Delayed
TRX-195,136,2026-01-02,307.3827104480516,Beauty,Delivered
TRX-196,132,2026-01-23,210.39669264490976,Home,Delivered
TRX-197,141,2026-01-07,133.77337141200138,Apparel,Shipped
TRX-198,143,2025-12-13,132.64353836554452,Beauty,Delivered
TRX-199,123,2025-12-31,444.1806414371612,Electronics,Shipped
TRX-200,114,2026-01-16,232.17169941577163,Beauty,Shipped
TRX-201,131,2026-01-05,178.82689423480252,Beauty,Delivered
TRX-202,131,2026-01-14,235.41323543907345,Electronics,Shipped
TRX-203,123,2025-12-24,341.30739270049344,Electronics,Delivered
TRX-204,140,2026-01-21,89.96315275748081,Electronics,Delivered
TRX-205,148,2026-01-25,235.7282409025941,Home,Delivered
TRX-206,148,2025-12-15,302.1844981329857,Electronics,Delivered
TRX-207,111,2025-12-29,475.3200103286882,Home,Delayed
TRX-208,138,2025-12-08,141.21333539620124,Electronics,Delivered
TRX-209,101,2025-12-05,192.44035899979787,Home,Delivered
TRX-210,102,2025-12-29,202.09212316276341,Beauty,Delivered
TRX-211,148,2026-01-16,310.65831566954375,Apparel,Delivered
TRX-212,136,2025-12-04,191.2313854592008,Beauty,Delivered
TRX-213,148,2025-12-12,276.0857241438539,Beauty,Delivered
TRX-214,116,2026-01-14,395.25935832561413,Electronics,Shipped
TRX-215,148,2025-12-02,358.5850851738577,Home,Delivered
TRX-216,101,2025-12-27,234.25695032604108,Apparel,Delivered
TRX-217,101,2025-12-31,434.82376528360106,Electronics,Delivered
TRX-218,127,2026-01-20,287.90731980505416,Electronics,Delivered
TRX-219,122,2026-01-20,279.154802961062,Electronics,Delayed
TRX-220,136,2026-01-05,36.41012765079593,Beauty,Delivered
TRX-221,131,2026-01-05,493.61263057143753,Home,Delivered
TRX-222,132,2025-12-26,79.02598809422082,Home,Delivered
TRX-223,100,2026-01-12,130.94283796527037,Apparel,Shipped
TRX-224,118,2025-12-27,44.81448187593294,Home,Delivered
TRX-225,101,2025-12-05,327.2014240817186,Home,Delivered
TRX-226,143,2025-12-20,127.8565649468864,Electronics,Shipped
TRX-227,125,2025-12-11,106.40500998690727,Electronics,Delivered
TRX-228,131,2025-12-10,62.50668042715587,Beauty,Delayed
TRX-229,105,2026-01-09,69.58829941952752,Electronics,Shipped
TRX-230,131,2026-01-07,300.6419362124426,Electronics,Delivered
TRX-231,103,2025-12-06,350.33977561596583,Electronics,Delivered
TRX-232,110,2025-12-08,210.7419144629125,Electronics,Delivered
TRX-233,116,2025-12-23,250.35059916419516,Beauty,Delivered
TRX-234,137,2026-01-16,349.26451327183236,Electronics,Cancelled
TRX-235,123,2025-12-26,28.342299289030226,Apparel,Delivered
TRX-236,104,2026-01-15,175.10271539373372,Apparel,Delivered
TRX-237,133,2026-01-12,487.0869190737663,Apparel,Shipped
TRX-238,105,2025-12-12,298.4538702538247,Apparel,Delivered
TRX-239,121,2025-12-26,142.02779835079676,Electronics,Delivered
TRX-240,110,2025-12-13,270.4304223853823,Apparel,Delivered
TRX-241,147,2026-01-09,184.47367429803936,Electronics,Delivered
TRX-242,115,2025-12-18,275.47759463662356,Beauty,Shipped
TRX-243,132,2025-12-25,80.35592566719144,Apparel,Delivered
TRX-244,108,2026-01-02,83.70303383325314,Home,Delivered
TRX-245,105,2026-01-16,88.90033377890857,Apparel,Delivered
TRX-246,115,2026-01-09,471.113500124884,Apparel,Delivered
TRX-247,128,2026-01-29,371.7914808038441,Electronics,Delivered
TRX-248,102,2026-01-12,97.94330943791402,Apparel,Delivered
TRX-249,119,2025-12-12,110.4075602074887,Home,Delivered
TRX-250,135,2026-01-13,370.79814793802063,Electronics,Delayed
TRX-251,118,2026-01-05,94.95864550024349,Electronics,Delivered
TRX-252,125,2026-01-17,132.58942080071776,Beauty,Delivered
TRX-253,102,2025-12-04,482.40647975379153,Beauty,Delivered
TRX-254,118,2025-12-05,142.54713186964727,Apparel,Shipped
TRX-255,119,2026-01-25,337.58352817815046,Beauty,Shipped
TRX-256,131,2026-01-06,489.7430179522546,Beauty,Delivered
TRX-257,106,2025-12-08,199.66244822710047,Beauty,Cancelled
TRX-258,140,2026-01-11,28.407675613789873,Electronics,Delivered
TRX-259,132,2026-01-18,137.19069940273965,Electronics,Delivered
TRX-260,139,2025-12-28,418.8210518440186,Electronics,Delivered
TRX-261,138,2025-12-31,435.0122412584176,Beauty,Delivered
TRX-262,117,2026-01-27,388.88929497141976,Electronics,Shipped
TRX-263,139,2025-12-09,74.29271315675506,Beauty,Delivered
TRX-264,100,2026-01-23,401.8449784142735,Electronics,Delivered
TRX-265,110,2026-01-20,460.96534255688204,Electronics,Delayed
TRX-266,127,2025-12-29,308.29258042219334,Home,Delivered
TRX-267,124,2025-12-14,471.6201710422711,Apparel,Delivered
TRX-268,149,2026-01-09,416.88266418170116,Beauty,Delivered
TRX-269,122,2026-01-10,340.1463281556355,Home,Delivered
TRX-270,130,2025-12-22,297.0489136216391,Electronics,Delivered
TRX-271,129,2025-12-11,187.31536027614584,Beauty,Delivered
TRX-272,141,2025-12-23,96.45797371654646,Electronics,Delivered
TRX-273,134,2025-12-01,310.3778828914596,Apparel,Delivered
TRX-274,106,2026-01-15,172.69354573669736,Home,Shipped
TRX-275,115,2026-01-06,435.8905604132698,Apparel,Delivered
TRX-276,125,2025-12-21,496.80172993214165,Home,Delivered
TRX-277,147,2025-12-26,381.1653260554748,Electronics,Delivered
TRX-278,148,2026-01-15,63.43121373778436,Apparel,Delivered
TRX-279,101,2026-01-05,158.5690858547063,Apparel,Delivered
TRX-280,100,2026-01-23,72.37262324755987,Electronics,Delivered
TRX-281,147,2025-12-23,332.2455909400236,Apparel,Delivered
TRX-282,111,2026-01-26,387.29161498677666,Beauty,Delayed
TRX-283,104,2025-12-01,464.32391882274163,Home,Delivered
TRX-284,136,2026-01-23,230.32272627775407,Home,Shipped
TRX-285,131,2026-01-24,452.66031180245324,Home,Delivered
TRX-286,108,2026-01-20,441.3877563398372,Beauty,Shipped
TRX-287,140,2026-01-09,172.25394404739131,Home,Delivered
TRX-288,134,2025-12-15,437.0723002594741,Electronics,Shipped
TRX-289,118,2025-12-21,200.3226809032287,Apparel,Delivered
TRX-290,147,2026-01-16,162.49725178893476,Beauty,Delivered
TRX-291,115,2025-12-09,331.55583622130865,Home,Delivered
TRX-292,102,2026-01-22,177.62298938483892,Electronics,Shipped
TRX-293,119,2025-12-09,322.5001991979892,Apparel,Delivered
TRX-294,123,2025-12-10,312.71926663937336,Apparel,Delivered
TRX-295,132,2026-01-21,290.4506851272602,Beauty,Delivered
TRX-296,123,2026-01-26,202.60145803174288,Beauty,Delivered
TRX-297,110,2026-01-22,283.27986639270887,Beauty,Delivered
TRX-298,148,2025-12-26,306.3130279930024,Electronics,Delivered
TRX-299,107,2026-01-10,281.92970647782727,Electronics,Cancelled
TRX-300,135,2026-01-04,233.32133732057673,Beauty,Shipped
TRX-301,137,2026-01-21,27.04018738220663,Home,Cancelled
TRX-302,139,2025-12-25,301.78961969655245,Apparel,Delivered
TRX-303,119,2025-12-26,100.85330486850543,Apparel,Delayed
TRX-304,134,2025-12-11,328.436465094651,Electronics,Shipped
TRX-305,147,2026-01-07,384.48527740297567,Apparel,Delivered
TRX-306,124,2025-12-02,260.2137483827559,Home,Delivered
TRX-307,134,2025-12-07,280.3345591902744,Apparel,Delivered
TRX-308,124,2025-12-18,476.70970863967574,Electronics,Shipped
TRX-309,128,2025-12-27,426.64033345883564,Electronics,Delivered
TRX-310,117,2026-01-03,458.83352765670554,Home,Delivered
TRX-311,145,2025-12-27,410.6078183934015,Home,Delivered
TRX-312,117,2025-12-17,72.28080408643109,Apparel,Delayed
TRX-313,101,2026-01-12,91.51609086569346,Apparel,Delayed
TRX-314,134,2026-01-28,272.7794226891006,Electronics,Cancelled
TRX-315,115,2026-01-13,138.11343622303917,Home,Delivered
TRX-316,140,2026-01-28,248.8138280197564,Home,Delivered
TRX-317,135,2026-01-20,209.2953554328081,Home,Delivered
TRX-318,132,2026-01-23,283.7188344466176,Apparel,Delivered
TRX-319,103,2025-12-24,378.5003437451949,Home,Delivered
TRX-320,132,2025-12-25,363.4356354076517,Electronics,Delivered
TRX-321,113,2025-12-07,270.1923835929605,Electronics,Delivered
TRX-322,120,2026-01-21,414.7488410321879,Apparel,Delivered
TRX-323,147,2025-12-06,226.813803938256,Beauty,Delayed
TRX-324,119,2026-01-22,450.4228591232587,Apparel,Delivered
TRX-325,107,2025-12-24,54.21452962647868,Beauty,Delayed
TRX-326,106,2026-01-02,478.23681441598757,Home,Delivered
TRX-327,102,2026-01-18,334.2526790870471,Apparel,Delivered
TRX-328,116,2025-12-29,202.43576428985853,Electronics,Delivered
TRX-329,132,2026-01-12,114.63398075498112,Home,Delivered
TRX-330,147,2025-12-22,250.00795013292796,Electronics,Delivered
TRX-331,111,2025-12-26,113.38799512894447,Home,Delivered
TRX-332,121,2025-12-28,99.83917171670824,Apparel,Delivered
TRX-333,121,2026-01-19,316.3288435582276,Beauty,Delivered
TRX-334,145,2025-12-21,271.0806677992566,Home,Delivered
TRX-335,129,2026-01-18,341.646096613252,Beauty,Cancelled
TRX-336,137,2025-12-07,466.2108211625548,Home,Shipped
TRX-337,137,2025-12-17,275.4849024027393,Electronics,Shipped
TRX-338,144,2025-12-20,298.8473855661429,Electronics,Delivered
TRX-339,107,2026-01-10,63.020642794372215,Home,Shipped
TRX-340,126,2026-01-18,364.46517723614215,Beauty,Shipped
TRX-341,126,2025-12-20,211.95449926599497,Apparel,Delivered
TRX-342,133,2026-01-23,488.82811455803784,Apparel,Cancelled
TRX-343,120,2025-12-22,415.12352748591695,Electronics,Delivered
TRX-344,129,2025-12-28,270.7908994477368,Apparel,Delayed
TRX-345,132,2026-01-09,79.1468740026397,Electronics,Delayed
TRX-346,127,2026-01-18,432.51958077468277,Apparel,Delivered
TRX-347,146,2025-12-07,403.8949258035304,Home,Delivered
TRX-348,132,2025-12-01,108.60086217777584,Electronics,Cancelled
TRX-349,104,2026-01-01,161.73357882574885,Electronics,Delivered
TRX-350,147,2025-12-13,400.8354839109619,Home,Delivered
TRX-351,118,2025-12-30,108.90965434275664,Electronics,Cancelled
TRX-352,103,2025-12-23,460.5211948022611,Apparel,Delivered
TRX-353,134,2026-01-20,223.7731640942537,Apparel,Delivered
TRX-354,148,2026-01-28,61.77870204207615,Electronics,Delivered
TRX-355,116,2026-01-25,411.55934888205485,Apparel,Delivered
TRX-356,143,2025-12-19,199.28464785842604,Beauty,Delivered
TRX-357,127,2026-01-01,272.7196131938149,Electronics,Delivered
TRX-358,129,2025-12-30,73.9060853173852,Home,Delivered
TRX-359,128,2025-12-29,21.240327125591545,Beauty,Delivered
TRX-360,145,2026-01-18,326.2328987807829,Electronics,Shipped
TRX-361,105,2026-01-14,267.28408176019116,Home,Delivered
TRX-362,134,2025-12-29,304.89851317911064,Apparel,Delivered
TRX-363,140,2025-12-30,400.99704818264786,Home,Delivered
TRX-364,136,2025-12-16,330.37083844297285,Beauty,Delivered
TRX-365,123,2026-01-09,103.89125255714104,Apparel,Delivered
TRX-366,128,2025-12-19,193.17080917308792,Electronics,Delivered
TRX-367,148,2025-12-18,454.82773029812495,Apparel,Delayed
TRX-368,145,2025-12-01,389.5734561208059,Electronics,Delivered
TRX-369,130,2025-12-14,287.1857878096243,Electronics,Delivered
TRX-370,134,2026-01-20,142.70959894845072,Home,Delivered
TRX-371,132,2026-01-16,164.98904088070162,Home,Delivered
TRX-372,120,2026-01-19,371.3398724411046,Home,Delivered
TRX-373,131,2025-12-02,428.56364520933,Beauty,Delivered
TRX-374,122,2026-01-23,342.28384137469493,Beauty,Delivered
TRX-375,132,2025-12-28,408.57438836885206,Home,Shipped
TRX-376,102,2026-01-18,387.99494489619485,Beauty,Delivered
TRX-377,117,2026-01-19,91.8579046193397,Apparel,Delivered
TRX-378,124,2025-12-30,223.49351019838497,Apparel,Delivered
TRX-379,141,2026-01-07,93.43222439771009,Beauty,Delivered
TRX-380,130,2026-01-20,132.9130807049527,Beauty,Delivered
TRX-381,102,2025-12-04,437.24461983250524,Apparel,Delivered
TRX-382,139,2025-12-01,246.98814350392743,Electronics,Delivered
TRX-383,145,2025-12-08,276.9718888844772,Apparel,Delivered
TRX-384,123,2025-12-29,105.65406330933061,Apparel,Delivered
TRX-385,149,2026-01-24,169.8904573034221,Beauty,Delivered
TRX-386,131,2026-01-08,130.51816084537757,Apparel,Delivered
TRX-387,146,2025-12-03,118.96935896884469,Beauty,Delivered
TRX-388,121,2026-01-01,326.22118079166563,Beauty,Delivered
TRX-389,122,2025-12-10,143.3042468699431,Home,Delayed
TRX-390,101,2025-12-10,323.3674332898009,Apparel,Delivered
TRX-391,126,2025-12-19,48.05821477210587,Electronics,Shipped
TRX-392,141,2026-01-15,88.0517088930089,Home,Delivered
TRX-393,101,2026-01-03,151.77932192006017,Beauty,Delivered
TRX-394,125,2026-01-29,306.582520109932,Beauty,Delivered
TRX-395,116,2026-01-02,344.40379764194046,Electronics,Delivered
TRX-396,139,2025-12-23,232.504144054173,Beauty,Delivered
TRX-397,132,2026-01-24,233.9796389970699,Apparel,Delayed
TRX-398,108,2025-12-28,367.76808867133667,Home,Delivered
TRX-399,142,2026-01-01,27.59412404747957,Beauty,Delayed
TRX-400,147,2026-01-19,183.72321174762587,Beauty,Delivered
TRX-401,138,2025-12-07,412.9793874172317,Electronics,Shipped
TRX-402,128,2025-12-29,309.5453169024187,Apparel,Delivered
TRX-403,141,2025-12-08,181.86902372260178,Beauty,Shipped
TRX-404,125,2025-12-01,454.65190031824346,Electronics,Delivered
TRX-405,134,2026-01-26,390.8589091757036,Beauty,Delivered
TRX-406,149,2026-01-24,147.14981467363202,Electronics,Delivered
TRX-407,124,2025-12-03,329.7391220123441,Electronics,Shipped
TRX-408,123,2025-12-24,305.9603495306992,Apparel,Delivered
TRX-409,112,2025-12-23,212.5701987387117,Beauty,Delayed
TRX-410,106,2026-01-28,196.1389180183043,Apparel,Delivered
TRX-411,135,2025-12-08,184.9090278923379,Electronics,Shipped
TRX-412,144,2026-01-23,316.23477602991045,Home,Delayed
TRX-413,119,2026-01-26,232.35676951072136,Beauty,Shipped
TRX-414,100,2026-01-16,419.29429436068256,Home,Delivered
TRX-415,107,2026-01-06,341.40925574430173,Beauty,Delivered
TRX-416,145,2025-12-03,53.56717074052838,Apparel,Cancelled
TRX-417,115,2026-01-20,327.2807474375197,Apparel,Delivered
TRX-418,113,2026-01-02,150.15076952008872,Apparel,Delivered
TRX-419,111,2025-12-28,304.54975599364286,Apparel,Delivered
TRX-420,122,2026-01-16,346.46332692965666,Apparel,Shipped
TRX-421,114,2025-12-08,130.7980107939258,Home,Delivered
TRX-422,127,2026-01-03,239.29214954257696,Apparel,Delivered
TRX-423,133,2026-01-04,111.35593415315255,Electronics,Shipped
TRX-424,101,2026-01-01,45.122660377523985,Electronics,Delivered
TRX-425,131,2025-12-24,201.66868327321714,Home,Delayed
TRX-426,122,2025-12-14,194.21325048607616,Beauty,Delivered
TRX-427,121,2026-01-01,497.8306355380434,Electronics,Delivered
TRX-428,124,2026-01-25,234.24912857486822,Beauty,Delivered
TRX-429,121,2026-01-15,180.1133837466562,Home,Delivered
TRX-430,121,2026-01-12,298.6280032240038,Beauty,Delayed
TRX-431,148,2025-12-16,62.60834917172886,Beauty,Delivered
TRX-432,141,2025-12-04,481.5995532583103,Beauty,Delivered
TRX-433,105,2026-01-21,324.7808218836959,Beauty,Delivered
TRX-434,114,2026-01-06,382.3221535716069,Home,Delivered
TRX-435,142,2026-01-23,101.82941032348042,Electronics,Delivered
TRX-436,136,2025-12-21,216.54936944249786,Apparel,Delivered
TRX-437,132,2025-12-14,222.89077443017098,Beauty,Delivered
TRX-438,107,2025-12-31,414.46709307252166,Electronics,Delayed
TRX-439,143,2026-01-24,20.593606284516532,Electronics,Delivered
TRX-440,143,2026-01-17,164.40949200956243,Home,Delivered
TRX-441,104,2025-12-18,490.99345968526586,Electronics,Delivered
TRX-442,138,2025-12-07,247.94554088298494,Home,Shipped
TRX-443,103,2025-12-10,203.61261451712397,Beauty,Delivered
TRX-444,105,2025-12-07,77.51792096847025,Beauty,Delivered
TRX-445,144,2026-01-02,487.5990217414475,Apparel,Delivered
TRX-446,131,2025-12-23,29.612650844395745,Apparel,Cancelled
TRX-447,129,2025-12-21,373.8465080034767,Apparel,Delivered
TRX-448,146,2025-12-19,388.92790629848406,Electronics,Shipped
TRX-449,134,2026-01-17,136.95522371065599,Beauty,Delivered
TRX-450,139,2025-12-19,342.3480529342579,Home,Delivered
TRX-451,115,2026-01-05,64.60598930210716,Apparel,Shipped
TRX-452,112,2025-12-29,143.38268788739833,Home,Delivered
TRX-453,149,2026-01-29,398.1929543802872,Home,Delayed
TRX-454,141,2025-12-18,435.0493721760993,Apparel,Delayed
TRX-455,129,2025-12-02,312.0734780766998,Beauty,Delayed
TRX-456,118,2025-12-01,263.2824472738316,Apparel,Delivered
TRX-457,116,2026-01-16,96.46592989711054,Home,Shipped
TRX-458,118,2025-12-05,50.29233587799208,Apparel,Delivered
TRX-459,127,2025-12-20,76.47153366730814,Home,Delayed
TRX-460,125,2025-12-11,129.13150404612742,Home,Delivered
TRX-461,136,2026-01-11,184.003760910522,Apparel,Shipped
TRX-462,125,2025-12-02,202.83657224527386,Electronics,Delivered
TRX-463,122,2025-12-03,186.2344489227217,Apparel,Delivered
TRX-464,108,2025-12-23,134.74655945468749,Electronics,Delivered
TRX-465,111,2026-01-24,264.6676384408151,Home,Shipped
TRX-466,100,2025-12-12,416.1373319517905,Home,Delivered
TRX-467,100,2025-12-20,154.25769846631002,Electronics,Delivered
TRX-468,146,2025-12-05,472.3457691690719,Home,Shipped
TRX-469,133,2026-01-06,439.201597627447,Electronics,Delivered
TRX-470,131,2026-01-07,97.6468214490126,Electronics,Delivered
TRX-471,147,2025-12-30,397.41245924340535,Home,Delivered
TRX-472,124,2025-12-09,295.801943512528,Beauty,Delivered
TRX-473,139,2026-01-03,291.9561738422809,Electronics,Delivered
TRX-474,144,2026-01-22,207.70052626792372,Apparel,Delivered
TRX-475,100,2026-01-13,260.5534396073647,Apparel,Delivered
TRX-476,115,2026-01-04,210.6458131660213,Home,Delivered
TRX-477,138,2026-01-21,279.07165700477253,Beauty,Shipped
TRX-478,104,2026-01-27,321.4160253308652,Home,Delivered
TRX-479,121,2025-12-22,343.66582707634325,Beauty,Delivered
TRX-480,128,2026-01-13,275.59097242852454,Electronics,Delayed
TRX-481,102,2025-12-24,366.2825923177912,Electronics,Delivered
TRX-482,111,2025-12-17,87.81346365224279,Electronics,Delivered
TRX-483,125,2025-12-10,121.75159563307449,Electronics,Shipped
TRX-484,115,2025-12-30,412.99280195564967,Apparel,Delayed
TRX-485,136,2026-01-25,174.81342936627928,Apparel,Shipped
TRX-486,121,2026-01-28,30.98903598853772,Home,Shipped
TRX-487,128,2026-01-15,93.81975184065493,Beauty,Shipped
TRX-488,113,2025-12-23,127.3349285582294,Electronics,Delivered
TRX-489,127,2026-01-01,479.51498618940184,Electronics,Shipped
TRX-490,104,2025-12-17,295.05988588680765,Beauty,Delivered
TRX-491,146,2026-01-19,467.7107554286023,Beauty,Delayed
TRX-492,148,2026-01-20,296.07840823837995,Home,Delivered
TRX-493,129,2025-12-17,250.09013126616884,Beauty,Delivered
TRX-494,145,2025-12-14,170.5892917731661,Electronics,Delivered
TRX-495,104,2025-12-09,311.05805332802026,Electronics,Shipped
TRX-496,111,2026-01-09,86.81505181641433,Electronics,Delivered
TRX-497,115,2025-12-02,451.16558110049885,Electronics,Delayed
TRX-498,125,2026-01-14,418.0795544678162,Electronics,Shipped
TRX-499,125,2025-12-25,172.41509498083377,Home,Delivered
TRX-500,147,2026-01-08,477.34281324862127,Electronics,Shipped
TRX-501,120,2025-12-09,416.0963683594727,Home,Shipped
TRX-502,138,2026-01-23,339.82730520081907,Electronics,Delivered
TRX-503,135,2025-12-22,78.44571734013189,Apparel,Delivered
TRX-504,132,2026-01-12,249.5523310630747,Apparel,Delivered
TRX-505,129,2026-01-15,262.93162632644044,Apparel,Delivered
TRX-506,136,2025-12-04,131.62465201538245,Apparel,Delivered
TRX-507,122,2025-12-26,58.38338929246493,Home,Delayed
TRX-508,109,2026-01-27,392.8273426264125,Home,Delivered
TRX-509,104,2025-12-29,78.57682501970962,Beauty,Shipped
TRX-510,135,2026-01-14,305.25956026965184,Electronics,Delivered
TRX-511,133,2026-01-03,469.49560346415706,Apparel,Delivered
TRX-512,130,2025-12-23,440.5304924470604,Home,Shipped
TRX-513,109,2026-01-06,153.32125939964533,Electronics,Delayed
TRX-514,118,2025-12-11,428.6953460246074,Electronics,Delivered
TRX-515,131,2025-12-06,20.159602937834915,Home,Delivered
TRX-516,100,2025-12-18,28.490148614363466,Apparel,Delivered
TRX-517,104,2025-12-21,309.2255186445752,Beauty,Delivered
TRX-518,144,2026-01-11,195.10314518937415,Electronics,Delivered
TRX-519,103,2026-01-05,205.50120375639062,Beauty,Delivered
TRX-520,115,2026-01-10,290.9317235258636,Apparel,Delivered
TRX-521,123,2026-01-07,112.05557868409308,Apparel,Shipped
TRX-522,115,2026-01-03,121.64256831942961,Beauty,Delivered
TRX-523,101,2025-12-17,252.60876176905504,Apparel,Delivered
TRX-524,148,2026-01-06,382.0417012850543,Electronics,Delivered
TRX-525,127,2025-12-25,317.3589206756421,Beauty,Shipped
TRX-526,131,2026-01-07,162.73042315368266,Apparel,Delayed
TRX-527,126,2026-01-27,226.56184520428218,Beauty,Delivered
TRX-528,119,2025-12-12,101.91908410399924,Electronics,Shipped
TRX-529,123,2025-12-23,55.822310881799226,Apparel,Delivered
TRX-530,111,2026-01-22,395.69409955719163,Electronics,Delivered
TRX-531,149,2026-01-11,147.3859564103334,Apparel,Delivered
TRX-532,134,2025-12-22,105.32786616859914,Home,Delivered
TRX-533,132,2025-12-21,351.97666667327326,Apparel,Shipped
TRX-534,132,2025-12-27,316.6648036578493,Beauty,Delayed
TRX-535,142,2026-01-26,323.9310204864627,Apparel,Delivered
TRX-536,136,2025-12-31,129.86941032637452,Electronics,Delivered
TRX-537,111,2025-12-06,131.6698585100869,Electronics,Delivered
TRX-538,102,2025-12-27,125.98526229710679,Apparel,Delivered
TRX-539,100,2026-01-09,103.40124591790136,Beauty,Delivered
TRX-540,132,2026-01-03,334.74736282959503,Home,Delivered
TRX-541,139,2025-12-12,427.0476249197127,Beauty,Delivered
TRX-542,109,2026-01-14,367.6723854447974,Home,Delivered
TRX-543,142,2026-01-26,400.2049442050607,Electronics,Delivered
TRX-544,143,2026-01-22,214.3032459608959,Beauty,Delivered
TRX-545,128,2025-12-07,333.9563817785591,Home,Shipped
TRX-546,112,2025-12-10,190.03339541349177,Apparel,Delivered
TRX-547,111,2026-01-14,272.2422185449472,Electronics,Cancelled
TRX-548,130,2025-12-17,251.18472633673392,Apparel,Delivered
TRX-549,145,2025-12-26,104.9058296690501,Electronics,Shipped
TRX-550,101,2025-12-21,205.7978049611028,Beauty,Delayed
TRX-551,149,2025-12-28,482.6346922315285,Beauty,Delivered
TRX-552,134,2026-01-27,139.3185237031722,Electronics,Delivered
TRX-553,122,2026-01-15,84.22579341415458,Electronics,Shipped
TRX-554,116,2025-12-02,220.91869837948894,Electronics,Delivered
TRX-555,125,2026-01-29,399.36211321287107,Beauty,Delivered
TRX-556,107,2026-01-23,299.43115029438667,Home,Delivered
TRX-557,128,2026-01-12,346.86791707435736,Apparel,Delivered
TRX-558,125,2025-12-01,111.05352712384504,Apparel,Delivered
TRX-559,109,2026-01-20,317.09513264370634,Beauty,Delayed
TRX-560,125,2026-01-22,175.2801895575074,Apparel,Delivered
TRX-561,133,2026-01-05,420.4656156582884,Electronics,Delivered
TRX-562,140,2026-01-20,322.0634268851534,Home,Delayed
TRX-563,106,2025-12-26,115.45101333214204,Apparel,Delivered
TRX-564,103,2025-12-29,51.01600632516135,Home,Cancelled
TRX-565,149,2025-12-21,40.46394045777571,Electronics,Delivered
TRX-566,144,2025-12-11,198.27611247206755,Apparel,Delivered
TRX-567,110,2026-01-09,147.60854559407048,Beauty,Shipped
TRX-568,128,2025-12-11,330.12325926200384,Home,Delivered
TRX-569,135,2026-01-05,259.6802407897368,Electronics,Shipped
TRX-570,124,2026-01-18,147.68925344258275,Home,Cancelled
TRX-571,120,2026-01-28,91.63413341608454,Apparel,Shipped
TRX-572,135,2026-01-08,81.0558860899758,Apparel,Delivered
TRX-573,109,2026-01-09,435.03698822740046,Beauty,Delayed
TRX-574,136,2026-01-04,136.86942483433626,Electronics,Delivered
TRX-575,108,2026-01-23,332.8211109972648,Electronics,Delivered
TRX-576,123,2026-01-03,409.1292454334078,Beauty,Delayed
TRX-577,134,2026-01-24,314.75902936867334,Beauty,Delivered
TRX-578,148,2026-01-16,432.591311190534,Electronics,Shipped
TRX-579,134,2025-12-24,208.34898633366777,Home,Delayed
TRX-580,147,2026-01-23,478.9866515114952,Home,Shipped
TRX-581,135,2025-12-22,83.90960200548653,Beauty,Delivered
TRX-582,117,2025-12-05,69.03177423561829,Home,Shipped
TRX-583,148,2026-01-25,336.1722301795729,Electronics,Delivered
TRX-584,138,2026-01-02,472.55894787836564,Apparel,Delayed
TRX-585,131,2026-01-27,408.2640615854375,Apparel,Delivered
TRX-586,123,2026-01-05,56.68009253026469,Home,Delivered
TRX-587,122,2026-01-16,154.09650268866386,Beauty,Delivered
TRX-588,131,2025-12-20,466.55306472215534,Beauty,Delivered
TRX-589,136,2025-12-19,141.46804774437658,Beauty,Delivered
TRX-590,111,2026-01-04,394.9618034177212,Beauty,Shipped
TRX-591,148,2026-01-21,416.0634540457778,Beauty,Delivered
TRX-592,112,2026-01-12,257.81700966127124,Home,Delivered
TRX-593,122,2025-12-17,205.44747672719143,Apparel,Delivered
TRX-594,124,2026-01-28,236.05972756148464,Apparel,Delivered
TRX-595,134,2026-01-14,128.9430532953748,Home,Delivered
TRX-596,140,2026-01-12,446.90763974184523,Beauty,Delivered
TRX-597,129,2026-01-03,236.29743523028378,Home,Delivered
TRX-598,116,2025-12-09,443.58053141892793,Apparel,Delivered
TRX-599,148,2025-12-26,70.73287035501156,Electronics,Delivered
TRX-600,119,2025-12-02,494.3721300800631,Home,Delivered
TRX-601,147,2026-01-22,232.77108197293677,Beauty,Delivered
TRX-602,124,2025-12-09,42.95879378917063,Apparel,Shipped
TRX-603,121,2025-12-09,38.250487153978355,Apparel,Shipped
TRX-604,112,2026-01-09,378.1794835912825,Apparel,Delivered
TRX-605,118,2025-12-17,336.33705641776675,Apparel,Cancelled
TRX-606,148,2025-12-01,405.022667901242,Beauty,Delivered
TRX-607,135,2025-12-25,70.57641629734687,Electronics,Delivered
TRX-608,111,2026-01-12,37.07401617706321,Apparel,Cancelled
TRX-609,140,2026-01-09,264.1180589348377,Home,Delivered
TRX-610,118,2026-01-11,206.04571111172936,Electronics,Delayed
TRX-611,111,2025-12-25,241.73452960205876,Apparel,Delivered
TRX-612,108,2026-01-08,495.9624362577315,Electronics,Delivered
TRX-613,106,2026-01-04,485.9599796819217,Home,Delivered
TRX-614,127,2025-12-03,472.3113870431326,Apparel,Shipped
TRX-615,113,2026-01-19,396.24448484848347,Home,Delivered
TRX-616,130,2026-01-06,190.32385292330738,Beauty,Shipped
TRX-617,118,2026-01-13,217.82284652613038,Apparel,Delivered
TRX-618,146,2026-01-13,283.81570098508377,Apparel,Delivered
TRX-619,115,2026-01-20,418.6565390743232,Apparel,Delivered
TRX-620,104,2025-12-30,52.98215960876853,Apparel,Delivered
TRX-621,134,2026-01-07,223.6625052247463,Beauty,Delayed
TRX-622,111,2026-01-03,59.656478460448966,Apparel,Delivered
TRX-623,124,2025-12-12,267.03564155528557,Electronics,Shipped
TRX-624,120,2025-12-19,451.472395522993,Apparel,Shipped
TRX-625,135,2026-01-06,395.5927637906902,Beauty,Delivered
TRX-626,122,2026-01-13,129.36436042069278,Apparel,Delivered
TRX-627,115,2026-01-28,488.4756078074204,Electronics,Delivered
TRX-628,138,2026-01-28,340.3281910622856,Beauty,Delivered
TRX-629,144,2026-01-18,25.005295710753472,Beauty,Delivered
TRX-630,141,2025-12-17,142.59847264890539,Electronics,Delivered
TRX-631,138,2025-12-10,145.14238396155994,Electronics,Delivered
TRX-632,113,2026-01-26,53.24206701721277,Electronics,Delivered
TRX-633,130,2026-01-24,480.71672867644594,Electronics,Delivered
TRX-634,104,2026-01-18,249.5625413964434,Electronics,Delivered
TRX-635,134,2026-01-16,449.99100673850336,Beauty,Delivered
TRX-636,122,2025-12-12,174.66344165342161,Beauty,Shipped
TRX-637,128,2025-12-16,80.11211380775703,Apparel,Delivered
TRX-638,142,2025-12-24,247.68133275498266,Apparel,Delivered
TRX-639,110,2025-12-19,74.69918466287224,Home,Shipped
TRX-640,117,2025-12-08,253.28744142921917,Apparel,Delivered
TRX-641,146,2025-12-31,461.74264698531573,Apparel,Delivered
TRX-642,111,2025-12-21,269.9687080804221,Electronics,Delivered
TRX-643,108,2025-12-17,315.91986890964006,Electronics,Delivered
TRX-644,109,2025-12-23,95.18644974742799,Apparel,Delivered
TRX-645,143,2026-01-06,40.99310042238535,Home,Delivered
TRX-646,116,2026-01-23,73.18782184630737,Electronics,Delivered
TRX-647,137,2025-12-16,307.2951563284955,Apparel,Delivered
TRX-648,106,2025-12-06,65.60561551630624,Apparel,Shipped
TRX-649,145,2025-12-08,200.47658717182946,Beauty,Delayed
TRX-650,112,2025-12-25,284.0441314199149,Home,Delivered
TRX-651,139,2025-12-18,206.55334334232657,Beauty,Shipped
TRX-652,141,2025-12-25,98.56822470334471,Home,Delivered
TRX-653,108,2025-12-12,151.41982760677112,Electronics,Delivered
TRX-654,149,2025-12-15,465.59241576731694,Home,Shipped
TRX-655,126,2026-01-28,344.4714922814506,Apparel,Delivered
TRX-656,101,2025-12-26,258.1029625663456,Apparel,Delivered
TRX-657,104,2026-01-10,26.10314719370889,Home,Delivered
TRX-658,128,2026-01-14,496.3593922349457,Home,Delivered
TRX-659,136,2025-12-26,342.29836874942873,Home,Delayed
TRX-660,137,2026-01-16,172.12278912557358,Beauty,Delayed
TRX-661,118,2026-01-01,442.04895679896237,Home,Shipped
TRX-662,107,2025-12-10,144.0471777400727,Electronics,Shipped
TRX-663,147,2025-12-16,281.12795800772074,Beauty,Delivered
TRX-664,144,2025-12-07,325.31396659031606,Beauty,Delivered
TRX-665,100,2025-12-17,126.11041829778966,Home,Delivered
TRX-666,121,2025-12-23,489.630693824286,Electronics,Delivered
TRX-667,116,2025-12-26,379.13211486991884,Beauty,Delivered
TRX-668,106,2025-12-21,287.75034824531355,Apparel,Cancelled
TRX-669,124,2025-12-22,106.68540712414442,Beauty,Delivered
TRX-670,144,2026-01-27,45.85193935905254,Home,Delivered
TRX-671,103,2025-12-07,173.62871961007207,Electronics,Delivered
TRX-672,135,2025-12-14,381.52992123843336,Home,Delivered
TRX-673,105,2025-12-15,149.27902318497203,Apparel,Shipped
TRX-674,130,2026-01-22,278.98698583784244,Apparel,Delivered
TRX-675,118,2025-12-07,369.41464483075674,Apparel,Delivered
TRX-676,143,2025-12-09,71.81298303030289,Home,Shipped
TRX-677,138,2026-01-20,348.94304773561925,Beauty,Delivered
TRX-678,126,2026-01-17,64.09802610082146,Home,Delivered
TRX-679,109,2025-12-08,483.2622762209583,Electronics,Delivered
TRX-680,125,2026-01-19,254.429182431171,Beauty,Shipped
TRX-681,118,2026-01-28,92.32453170074115,Apparel,Delivered
TRX-682,138,2025-12-23,184.3441452961023,Home,Shipped
TRX-683,102,2025-12-29,218.4398956617255,Apparel,Shipped
TRX-684,144,2025-12-18,383.9288053167379,Apparel,Delivered
TRX-685,112,2025-12-31,376.84341731677245,Electronics,Cancelled
TRX-686,149,2025-12-30,313.73144256191887,Beauty,Shipped
TRX-687,127,2026-01-21,70.84674202807662,Electronics,Shipped
TRX-688,119,2026-01-08,92.75329836208331,Electronics,Shipped
TRX-689,127,2026-01-04,65.00332190986718,Electronics,Delivered
TRX-690,107,2025-12-18,297.04293597802405,Apparel,Delivered
TRX-691,140,2026-01-28,441.0264519254739,Electronics,Delivered
TRX-692,138,2026-01-11,228.22424588229046,Electronics,Delivered
TRX-693,100,2026-01-08,97.20712349971818,Beauty,Delivered
TRX-694,102,2025-12-17,287.86031607150414,Beauty,Delayed
TRX-695,112,2025-12-14,409.64106409554074,Electronics,Shipped
TRX-696,127,2025-12-31,376.0217895262064,Beauty,Delivered
TRX-697,148,2025-12-24,443.0963742440103,Beauty,Delayed
TRX-698,124,2026-01-04,153.39300667945656,Electronics,Shipped
TRX-699,132,2026-01-13,113.09785628853193,Apparel,Delivered
TRX-700,137,2026-01-29,442.3119132521306,Electronics,Delivered
TRX-701,105,2026-01-14,335.6289501334511,Beauty,Delivered
TRX-702,143,2026-01-03,169.245886403626,Apparel,Shipped
TRX-703,144,2025-12-03,376.3270642748044,Home,Delivered
TRX-704,131,2026-01-06,411.2568245505766,Apparel,Delivered
TRX-705,144,2026-01-12,315.1895553637435,Beauty,Delivered
TRX-706,146,2026-01-09,350.18437274235924,Apparel,Shipped
TRX-707,120,2025-12-26,200.12475413247984,Electronics,Shipped
TRX-708,115,2026-01-24,278.5739203246588,Home,Shipped
TRX-709,120,2025-12-23,271.59640194855785,Home,Cancelled
TRX-710,110,2026-01-13,427.0629397427705,Home,Shipped
TRX-711,136,2026-01-08,423.18271053544765,Beauty,Delayed
TRX-712,135,2025-12-15,419.68662528658075,Beauty,Delayed
TRX-713,134,2026-01-25,25.29517484598358,Home,Shipped
TRX-714,118,2026-01-18,379.7818325450664,Apparel,Delivered
TRX-715,119,2025-12-04,384.16466725328235,Home,Delivered
TRX-716,117,2025-12-29,345.62183497046806,Apparel,Delivered
TRX-717,146,2025-12-22,383.0070357878972,Apparel,Delivered
TRX-718,140,2025-12-25,424.1457783184202,Beauty,Delivered
TRX-719,148,2025-12-13,245.7531459688571,Apparel,Delivered
TRX-720,113,2025-12-18,260.98410247445463,Home,Cancelled
TRX-721,114,2026-01-02,79.86274731746744,Beauty,Delayed
TRX-722,130,2025-12-16,204.98042386273366,Electronics,Shipped
TRX-723,100,2026-01-14,328.8152863576565,Electronics,Delivered
TRX-724,102,2026-01-11,394.5918925506918,Beauty,Delivered
TRX-725,115,2026-01-13,124.26036689178106,Home,Delivered
TRX-726,122,2025-12-02,86.15499159643299,Electronics,Delivered
TRX-727,110,2026-01-24,338.2601621602363,Electronics,Delivered
TRX-728,111,2026-01-04,20.902344091957108,Apparel,Delivered
TRX-729,109,2026-01-11,105.61884046751831,Apparel,Delayed
TRX-730,131,2026-01-03,33.95426256509779,Home,Shipped
TRX-731,115,2025-12-30,100.10485657033804,Beauty,Delivered
TRX-732,107,2026-01-28,107.03325436424251,Home,Delivered
TRX-733,137,2026-01-24,206.08332548018922,Beauty,Delivered
TRX-734,111,2025-12-13,213.11701984954686,Electronics,Delivered
TRX-735,123,2025-12-13,439.64598589291415,Apparel,Delayed
TRX-736,127,2025-12-18,264.8526619994361,Home,Delivered
TRX-737,107,2026-01-01,367.2342874938974,Home,Delivered
TRX-738,127,2026-01-01,69.98593180173798,Beauty,Delivered
TRX-739,135,2026-01-04,128.21060262257305,Beauty,Delivered
TRX-740,125,2026-01-28,357.41285166976485,Home,Delivered
TRX-741,107,2026-01-08,45.34590102489348,Beauty,Shipped
TRX-742,149,2026-01-15,253.5668778770015,Home,Delivered
TRX-743,127,2026-01-21,307.6971035182082,Home,Delivered
TRX-744,127,2025-12-29,309.0299091451909,Home,Delivered
TRX-745,136,2026-01-18,31.007749408660175,Electronics,Delivered
TRX-746,140,2025-12-29,174.61184203000903,Beauty,Delayed
TRX-747,135,2026-01-22,325.5155125035939,Apparel,Delivered
TRX-748,126,2026-01-13,91.51987335163685,Apparel,Delivered
TRX-749,116,2026-01-26,353.79951119746556,Beauty,Delivered
TRX-750,108,2025-12-16,378.0441002305638,Home,Delivered
TRX-751,132,2026-01-25,491.34521141414973,Apparel,Delivered
TRX-752,119,2026-01-13,120.72415753107651,Apparel,Delivered
TRX-753,112,2026-01-16,416.0627204797353,Beauty,Delivered
TRX-754,127,2026-01-26,269.74235692095397,Apparel,Delayed
TRX-755,147,2025-12-10,199.26204614920326,Home,Delivered
TRX-756,128,2025-12-30,78.74084351608542,Beauty,Delayed
TRX-757,112,2025-12-25,373.04269111401806,Home,Delivered
TRX-758,145,2026-01-08,133.2116475889698,Apparel,Delayed
TRX-759,134,2025-12-20,198.28256089906196,Apparel,Shipped
TRX-760,105,2025-12-05,50.020268910736846,Home,Delivered
TRX-761,117,2025-12-01,404.6561195933691,Electronics,Delayed
TRX-762,104,2025-12-30,387.9624915063888,Apparel,Delivered
TRX-763,146,2026-01-18,372.13559842031,Electronics,Delayed
TRX-764,124,2025-12-03,163.73288503610559,Apparel,Delivered
TRX-765,101,2026-01-14,103.27043564765947,Electronics,Delivered
TRX-766,109,2025-12-14,326.0255669457103,Electronics,Delivered
TRX-767,129,2026-01-25,258.1598643743454,Electronics,Cancelled
TRX-768,149,2025-12-30,105.56118411422796,Home,Delivered
TRX-769,144,2026-01-19,349.23741010393456,Electronics,Delivered
TRX-770,104,2025-12-04,495.74068727422576,Electronics,Shipped
TRX-771,132,2025-12-18,378.6654021161781,Electronics,Shipped
TRX-772,100,2026-01-06,375.19346560909366,Apparel,Delivered
TRX-773,117,2025-12-25,476.15012140668404,Electronics,Delivered
TRX-774,131,2026-01-17,117.40945643595305,Apparel,Delivered
TRX-775,146,2025-12-01,291.46398316229136,Electronics,Delivered
TRX-776,148,2026-01-22,490.23042321626406,Electronics,Delivered
TRX-777,110,2026-01-15,99.34117326568378,Home,Delayed
TRX-778,120,2025-12-15,356.12094053337006,Apparel,Delivered
TRX-779,125,2025-12-09,301.18887006651295,Electronics,Delivered
TRX-780,124,2025-12-15,301.50996425057934,Apparel,Delivered
TRX-781,121,2026-01-18,354.88190120963606,Apparel,Delivered
TRX-782,126,2026-01-26,466.2161229803284,Beauty,Delivered
TRX-783,148,2025-12-24,395.6393311286422,Home,Delivered
TRX-784,112,2025-12-04,46.9453296397808,Home,Delivered
TRX-785,132,2025-12-12,429.3094495403414,Home,Delayed
TRX-786,133,2026-01-28,128.25983836435165,Beauty,Delivered
TRX-787,140,2026-01-27,200.91879907345853,Beauty,Cancelled
TRX-788,134,2026-01-06,241.63175053394343,Home,Delayed
TRX-789,100,2026-01-06,250.83488036147344,Beauty,Delivered
TRX-790,120,2026-01-12,228.88659164257126,Beauty,Shipped
TRX-791,147,2026-01-29,469.92958122361495,Beauty,Delivered
TRX-792,105,2025-12-06,358.8891236787318,Home,Delivered
TRX-793,127,2026-01-08,322.96191005921906,Home,Shipped
TRX-794,116,2026-01-25,43.92417333581194,Home,Delivered
TRX-795,104,2026-01-15,453.87839852497984,Beauty,Delivered
TRX-796,130,2025-12-24,456.50729216403016,Home,Shipped
TRX-797,104,2025-12-11,394.50227044644913,Beauty,Delivered
TRX-798,137,2025-12-13,23.374017830537195,Electronics,Delivered
TRX-799,102,2026-01-03,47.49452051725921,Beauty,Delayed
TRX-800,122,2025-12-25,128.10737708887507,Apparel,Delivered
TRX-801,136,2025-12-07,83.04771590955522,Home,Delivered
TRX-802,136,2026-01-21,211.44129425779013,Home,Delivered
TRX-803,109,2025-12-04,462.859067882139,Apparel,Delivered
TRX-804,109,2026-01-28,246.58900841455917,Beauty,Delivered
TRX-805,118,2025-12-08,26.433260687439493,Electronics,Cancelled
TRX-806,116,2025-12-20,155.71793099780575,Apparel,Delivered
TRX-807,120,2025-12-29,41.40555601902154,Apparel,Delivered
TRX-808,113,2026-01-23,37.41805885448103,Beauty,Shipped
TRX-809,108,2026-01-22,152.3455294858651,Home,Delayed
TRX-810,145,2026-01-20,152.2939225658938,Beauty,Delivered
TRX-811,100,2026-01-14,397.8207692487699,Apparel,Delivered
TRX-812,144,2026-01-15,487.9206333349337,Apparel,Delivered
TRX-813,112,2025-12-10,198.17940506719918,Home,Delivered
TRX-814,103,2026-01-12,225.86570185329853,Home,Delivered
TRX-815,100,2026-01-03,425.4989294172903,Home,Delivered
TRX-816,148,2026-01-26,148.70672964584642,Beauty,Delayed
TRX-817,139,2025-12-26,95.06326611365502,Home,Shipped
TRX-818,131,2026-01-10,429.4830192337522,Apparel,Delivered
TRX-819,133,2026-01-18,42.32028149123144,Apparel,Delivered
TRX-820,127,2026-01-27,317.45573129571954,Electronics,Delivered
TRX-821,130,2025-12-03,289.7565667840673,Beauty,Delivered
TRX-822,107,2026-01-25,186.04181480081326,Electronics,Delivered
TRX-823,138,2025-12-06,171.2909701267323,Apparel,Delayed
TRX-824,125,2025-12-05,390.4917085671782,Electronics,Delivered
TRX-825,133,2025-12-05,61.483813166022315,Apparel,Delivered
TRX-826,102,2026-01-23,133.65646846946498,Electronics,Shipped
TRX-827,149,2026-01-16,371.5753912822831,Home,Delivered
TRX-828,111,2025-12-23,283.19388018868364,Electronics,Delivered
TRX-829,100,2026-01-18,81.43434009612147,Home,Delivered
TRX-830,143,2025-12-09,443.42509485538886,Home,Delivered
TRX-831,104,2026-01-04,208.85496635052394,Beauty,Delayed
TRX-832,129,2025-12-20,417.376820154643,Home,Delivered
TRX-833,129,2026-01-27,398.10224745330015,Home,Delivered
TRX-834,116,2026-01-18,319.7242143064295,Electronics,Delivered
TRX-835,147,2026-01-28,257.35094302164464,Apparel,Cancelled
TRX-836,146,2026-01-11,490.1844033832433,Beauty,Delivered
TRX-837,122,2026-01-04,89.58323474231219,Home,Delivered
TRX-838,114,2026-01-19,368.0747492245351,Beauty,Delivered
TRX-839,136,2025-12-18,111.77153670309872,Electronics,Delivered
TRX-840,120,2025-12-17,182.36629055952722,Home,Delivered
TRX-841,113,2025-12-24,168.1753968191337,Electronics,Delivered
TRX-842,101,2025-12-03,474.57727411458706,Beauty,Delivered
TRX-843,110,2026-01-01,484.3309653383721,Electronics,Delivered
TRX-844,138,2026-01-04,107.84741323266903,Beauty,Shipped
TRX-845,137,2026-01-07,30.57687694280201,Electronics,Delivered
TRX-846,133,2025-12-13,365.6038590382943,Beauty,Delivered
TRX-847,137,2026-01-25,220.63516825783248,Apparel,Delivered
TRX-848,149,2026-01-16,62.64331764203091,Electronics,Cancelled
TRX-849,133,2025-12-25,348.2019706769804,Electronics,Delivered
TRX-850,117,2025-12-09,281.6506535651358,Apparel,Delayed
TRX-851,129,2025-12-04,490.64807456053086,Apparel,Shipped
TRX-852,114,2025-12-14,129.1565580134619,Electronics,Delivered
TRX-853,126,2026-01-06,213.90938063674315,Apparel,Cancelled
TRX-854,133,2026-01-03,280.421985629803,Home,Delivered
TRX-855,137,2025-12-11,400.01599445760877,Beauty,Delivered
TRX-856,132,2026-01-10,283.4425552256282,Beauty,Shipped
TRX-857,123,2026-01-25,314.1920772137356,Beauty,Shipped
TRX-858,114,2025-12-03,128.55058476317157,Home,Delivered
TRX-859,129,2026-01-28,426.5209894825087,Apparel,Delivered
TRX-860,141,2025-12-28,225.74266254582835,Apparel,Delivered
TRX-861,116,2025-12-29,87.66062121044925,Electronics,Shipped
TRX-862,104,2025-12-09,338.81019896260034,Apparel,Delivered
TRX-863,128,2025-12-03,123.7234175289476,Electronics,Delivered
TRX-864,103,2025-12-25,66.83000491486388,Home,Delivered
TRX-865,109,2026-01-03,433.7537160340507,Beauty,Delivered
TRX-866,116,2025-12-12,240.87788695445104,Beauty,Delayed
TRX-867,109,2026-01-11,379.6561820939727,Beauty,Delivered
TRX-868,116,2025-12-09,159.48202870705043,Apparel,Cancelled
TRX-869,119,2025-12-15,397.7456647604798,Electronics,Delivered
TRX-870,123,2026-01-09,73.72924497033455,Electronics,Shipped
TRX-871,104,2025-12-25,190.8672194215293,Home,Delivered
TRX-872,133,2025-12-05,489.4696726272937,Apparel,Delivered
TRX-873,105,2025-12-11,401.1150638566429,Home,Delivered
TRX-874,101,2026-01-28,258.6828465510503,Electronics,Delivered
TRX-875,112,2026-01-03,183.09318634970484,Electronics,Delivered
TRX-876,142,2025-12-24,438.62513601078876,Beauty,Cancelled
TRX-877,142,2026-01-29,281.52692436056753,Apparel,Delivered
TRX-878,147,2025-12-15,384.0440085771733,Electronics,Delivered
TRX-879,110,2026-01-07,381.97168655175875,Beauty,Delivered
TRX-880,146,2025-12-08,28.613925712876078,Apparel,Delivered
TRX-881,122,2026-01-28,80.60181574045446,Home,Delivered
TRX-882,115,2025-12-05,336.62209586947625,Apparel,Shipped
TRX-883,130,2026-01-17,97.5775094172183,Apparel,Delayed
TRX-884,110,2025-12-26,142.63680543469025,Electronics,Delivered
TRX-885,115,2025-12-18,474.38621801581144,Electronics,Delivered
TRX-886,107,2025-12-06,288.8874840199577,Apparel,Delivered
TRX-887,103,2026-01-06,380.35016335968663,Electronics,Delivered
TRX-888,139,2026-01-29,287.83075461566716,Electronics,Delivered
TRX-889,103,2026-01-17,285.2065350957081,Electronics,Delivered
TRX-890,124,2025-12-13,65.19291686033499,Beauty,Delivered
TRX-891,102,2025-12-28,184.95833245236946,Beauty,Delivered
TRX-892,131,2025-12-05,155.56683136952563,Apparel,Shipped
TRX-893,102,2025-12-13,207.54961549453435,Electronics,Delivered
TRX-894,126,2025-12-17,403.20521034767756,Beauty,Delivered
TRX-895,128,2026-01-19,198.52768060009512,Apparel,Delivered
TRX-896,131,2026-01-09,236.8144732312077,Electronics,Delivered
TRX-897,149,2026-01-14,210.74306743295193,Home,Delayed
TRX-898,118,2026-01-01,64.83582654814188,Electronics,Delayed
TRX-899,120,2025-12-29,231.7146359603762,Electronics,Shipped
TRX-900,104,2026-01-20,113.89245106136721,Beauty,Delivered
TRX-901,117,2026-01-27,109.62718197105991,Apparel,Shipped
TRX-902,127,2025-12-03,65.13733012844784,Apparel,Delivered
TRX-903,141,2026-01-25,191.20206758804707,Beauty,Delayed
TRX-904,121,2026-01-09,383.59130469892034,Electronics,Delivered
TRX-905,120,2026-01-03,152.69201148003012,Home,Cancelled
TRX-906,105,2026-01-09,169.9275689050465,Electronics,Delayed
TRX-907,100,2025-12-27,328.48383568276336,Electronics,Shipped
TRX-908,104,2025-12-13,114.00359004172105,Home,Delivered
TRX-909,140,2026-01-14,450.5398066032965,Beauty,Delivered
TRX-910,111,2026-01-02,269.69145116074617,Apparel,Delayed
TRX-911,125,2025-12-06,234.84941135370414,Beauty,Delivered
TRX-912,145,2025-12-24,287.7536921260167,Beauty,Delayed
TRX-913,133,2025-12-19,99.69647043977382,Electronics,Delivered
TRX-914,148,2025-12-16,314.46710654680464,Apparel,Delivered
TRX-915,113,2026-01-09,194.28835358432502,Apparel,Delayed
TRX-916,125,2025-12-28,450.64944366301705,Beauty,Delivered
TRX-917,144,2026-01-02,101.05001920528935,Home,Delivered
TRX-918,126,2026-01-28,263.3845298554117,Beauty,Delivered
TRX-919,108,2026-01-28,307.09406209712864,Home,Delivered
TRX-920,125,2026-01-17,36.02412885746298,Apparel,Shipped
TRX-921,146,2026-01-10,194.57269988294732,Beauty,Delivered
TRX-922,121,2025-12-13,371.66491265639974,Electronics,Delayed
TRX-923,146,2026-01-12,413.78120357550716,Beauty,Delayed
TRX-924,129,2026-01-14,170.31775751229554,Apparel,Delivered
TRX-925,142,2025-12-25,403.3247707437206,Electronics,Shipped
TRX-926,147,2026-01-22,484.5228210096266,Electronics,Delivered
TRX-927,116,2026-01-11,431.2994893160452,Home,Delivered
TRX-928,125,2026-01-05,76.4691143164761,Electronics,Cancelled
TRX-929,135,2025-12-27,375.0705594010595,Electronics,Delivered
TRX-930,100,2026-01-07,173.44007957146147,Beauty,Delivered
TRX-931,107,2026-01-29,494.43967491779676,Apparel,Delivered
TRX-932,148,2025-12-07,252.9723119167458,Home,Delivered
TRX-933,134,2025-12-05,78.7682712122917,Beauty,Delivered
TRX-934,114,2026-01-12,368.0890630531476,Electronics,Shipped
TRX-935,146,2026-01-14,175.04537522538266,Electronics,Delivered
TRX-936,121,2026-01-27,498.5975153991976,Home,Delivered
TRX-937,113,2026-01-26,490.2955797701705,Apparel,Delivered
TRX-938,125,2026-01-20,334.94432864987874,Home,Delivered
TRX-939,127,2025-12-31,82.31669549682444,Beauty,Delivered
TRX-940,122,2025-12-23,349.6932788840139,Home,Delivered
TRX-941,113,2026-01-11,64.65463350081306,Electronics,Delivered
TRX-942,123,2025-12-10,34.09479636914831,Beauty,Delivered
TRX-943,101,2026-01-01,415.0200541863133,Electronics,Delivered
TRX-944,144,2026-01-12,120.68141488816705,Apparel,Delivered
TRX-945,125,2026-01-22,201.93302058516676,Electronics,Delayed
TRX-946,113,2025-12-30,487.2595471885631,Electronics,Delayed
TRX-947,106,2026-01-08,181.68344089332956,Home,Delivered
TRX-948,102,2025-12-31,162.31509501599132,Electronics,Delayed
TRX-949,146,2025-12-18,460.7398398189321,Beauty,Shipped
TRX-950,122,2026-01-05,73.15925375309989,Beauty,Delivered
TRX-951,145,2025-12-02,384.59955685502325,Apparel,Delivered
TRX-952,142,2025-12-14,494.27147199333155,Beauty,Shipped
TRX-953,146,2025-12-13,452.62208517183143,Home,Shipped
TRX-954,144,2025-12-29,332.80060097908444,Apparel,Delivered
TRX-955,117,2025-12-12,170.74918159651136,Beauty,Shipped
TRX-956,137,2026-01-08,142.07455096559204,Home,Delivered
TRX-957,134,2025-12-02,413.24245033830135,Beauty,Shipped
TRX-958,114,2026-01-01,442.31451869681376,Beauty,Delayed
TRX-959,124,2025-12-13,272.20875802193257,Electronics,Delivered
TRX-960,136,2026-01-15,137.28317157750377,Beauty,Shipped
TRX-961,127,2025-12-27,74.2127400373633,Beauty,Delivered
TRX-962,109,2026-01-18,61.84614455927896,Home,Delivered
TRX-963,138,2026-01-10,365.1571747298507,Home,Shipped
TRX-964,116,2025-12-17,221.656989366908,Electronics,Delivered
TRX-965,138,2026-01-09,454.57273965337777,Beauty,Delivered
TRX-966,121,2025-12-31,375.04222434884656,Electronics,Delivered
TRX-967,125,2026-01-03,111.80500059900162,Beauty,Delivered
TRX-968,143,2026-01-29,314.6131610315355,Apparel,Delivered
TRX-969,124,2025-12-24,229.0426181111165,Apparel,Shipped
TRX-970,116,2026-01-14,297.07987076893426,Electronics,Delivered
TRX-971,112,2026-01-04,374.2731792024882,Electronics,Delivered
TRX-972,119,2026-01-17,406.97402288181956,Electronics,Delivered
TRX-973,124,2025-12-06,424.99391667522764,Home,Delayed
TRX-974,103,2025-12-19,141.90793979457186,Home,Delayed
TRX-975,109,2025-12-30,34.935487960331685,Home,Cancelled
TRX-976,102,2025-12-07,374.86147287909114,Electronics,Shipped
TRX-977,140,2025-12-10,71.04498860277181,Beauty,Shipped
TRX-978,144,2026-01-10,171.16140253422446,Apparel,Delivered
TRX-979,117,2026-01-01,21.83222437968663,Electronics,Delivered
TRX-980,146,2026-01-03,347.2013515527776,Home,Delivered
TRX-981,135,2025-12-28,100.2233655061862,Home,Shipped
TRX-982,146,2026-01-29,334.53555665199593,Electronics,Delayed
TRX-983,121,2025-12-15,496.03645624056264,Electronics,Delivered
TRX-984,133,2025-12-30,54.88201837280782,Home,Delayed
TRX-985,146,2026-01-06,56.99744573670113,Beauty,Delivered
TRX-986,107,2025-12-29,183.38244448000395,Home,Delivered
TRX-987,139,2025-12-22,435.8655268406442,Home,Delivered
TRX-988,148,2025-12-04,123.45433701983929,Electronics,Delivered
TRX-989,143,2025-12-20,192.98135356656684,Beauty,Delivered
TRX-990,118,2026-01-01,52.88259518095019,Home,Delivered
TRX-991,141,2026-01-05,386.3145398042669,Home,Delivered
TRX-992,140,2026-01-19,215.98704452453654,Apparel,Delivered
TRX-993,136,2025-12-04,384.43939186920454,Electronics,Delayed
TRX-994,105,2025-12-27,453.73176528646167,Apparel,Shipped
TRX-995,125,2025-12-17,131.7263106086186,Apparel,Delayed
TRX-996,133,2025-12-12,407.55009456317663,Home,Delivered
TRX-997,144,2025-12-22,48.365067237561576,Electronics,Delivered
TRX-998,105,2025-12-17,451.44674632651873,Beauty,Shipped
TRX-999,136,2025-12-10,332.3689028281987,Home,Delivered
